{
  "$schema": "../../../node_modules/ng-packagr/ng-package.schema.json",
  "dest": "../../../dist/hipeap/shared-components",
  "lib": {
    "entryFile": "src/public-api.ts",
    "umdModuleIds": {
      "moment": "moment",
      "ngx-daterangepicker-material": "ngx-daterangepicker-material",
      "ngx-pagination": "ngx-pagination"
    }
  },
  "assets": [    
    "./src/scss"
  ],
  "allowedNonPeerDependencies": [
    "@angular/material",
    "ngx-pagination",
	"subsink",
  "moment",
  "fhirpath",
  "ngx-datepicker-material",
  "angular-date-value-accessor",
  "ngx-select-dropdown"
  ]
  
}
