{
    "apiUrl": "${API_URL}",
    "groupsUrl":"${API_URL}/eap/groups-mfe/remoteEntry.js",
    "adminUrl":"${API_URL}/eap/admin-mfe/remoteEntry.js",
    "reportsUrl":"${API_URL}/eap/reports-mfe/remoteEntry.js",
    "providerUrl":"${API_URL}/eap/provider-mfe/remoteEntry.js",
    "memberUrl":"${API_URL}/eap/member-mfe/remoteEntry.js",
    "sharedUrl": "${API_URL}/eap/shared-mfe/remoteEntry.js",
    "cgrUrl": "${API_URL}/eap/cgr-mfe/remoteEntry.js",
    "consultationUrl":"${API_URL}/eap/consultation-mfe/remoteEntry.js",
    "referralUrl":"${API_URL}/eap/referral-mfe/remoteEntry.js",
    "authenticateUrl":"${SECURITY_URL}"
  }
